<package type="engine">
	<name>content</name>
	<title>Content</title>
	<created>2014-06-08 15:40:00</created>
	<author>Elxis Team</author>
	<authoremail>info@elxis.org</authoremail>
	<authorurl>http://www.elxis.org</authorurl>
	<copyright>(C) 2006-2014 Elxis.org. All rights reserved</copyright>
	<license>Elxis Public License</license>
	<licenseurl>http://www.elxis.org/elxis-public-license.html</licenseurl>
	<link></link>
	<version>1.1</version>
	<description><![CDATA[Extends elxis search to content items]]></description>
	<dependencies>
		<package type="core" version="4.x">elxis</package>
		<package type="component" version="1.x">search</package>
		<package type="component" version="1.x">content</package>
	</dependencies>
	<params>
		<param type="range" name="limit" first="5" last="50" step="1" default="10" label="LIMIT" description="ITEMS_PER_PAGE" />
		<param type="list" name="ordering" default="r" label="ORDERING" dir="rtl" description="DEFAULT_ORDERING">
			<option value="r">RELEVANCY</option>
			<option value="hd">MOST_POPULAR_FIRST</option>
			<option value="ta">TITLE_ASC</option>
			<option value="td">TITLE_DSC</option>
			<option value="dd">NEWER_FIRST</option>
			<option value="da">OLDER_FIRST</option>
		</param>
		<param type="list" name="columns" default="1" label="COLUMNS" dir="ltr" description="NUMBER_COLUMNS_DESC">
			<option value="1">1</option>
			<option value="2">2</option>
		</param>
		<param type="radio" name="subcategories" default="0" label="SUBCATEGORIES" description="SEARCH_SUBCATS">
			<option value="0">NO</option>
			<option value="1">YES</option>
		</param>
		<param type="radio" name="showauthor" default="1" label="SHOW_AUTHOR" description="SHOW_AUTHOR_RESULTS">
			<option value="0">NO</option>
			<option value="1">YES</option>
		</param>
		<param type="radio" name="showhits" default="1" label="SHOW_HITS" description="SHOW_HITS_RESULTS">
			<option value="0">NO</option>
			<option value="1">YES</option>
		</param>
		<param type="radio" name="highlight" default="0" label="Highlight" description="If yes, given keywords will be highlighted in linked article">
			<option value="0">NO</option>
			<option value="1">YES</option>
		</param>
	</params>
</package>