<?xml version="1.0" encoding="utf-8"?>
<package type="component">
	<name>com_content</name>
	<title>Content</title>
	<created>2014-06-30 20:28:00</created>
	<author>Elxis Team</author>
	<authoremail>info@elxis.org</authoremail>
	<authorurl>http://www.elxis.org</authorurl>
	<copyright>(C) 2006-2014 Elxis.org. All rights reserved</copyright>
	<license>Elxis Public License</license>
	<licenseurl>http://www.elxis.org/elxis-public-license.html</licenseurl>
	<link></link>
	<version>1.1</version>
	<description><![CDATA[Component Content]]></description>
	<dependencies>
		<package type="core" version="4.2+">elxis</package>
	</dependencies>
	<params group="GENERAL" collapsed="0">
		<param type="radio" name="popup_window" default="0" label="POPUP_WINDOW" dir="rtl" description="">
			<option value="0">CLASSIC_POPUP</option>
			<option value="1">Lightbox</option>
		</param>
		<param type="list" name="live_bookmarks" default="rss" label="LIVE_BOOKMARKS" dir="rtl" description="LIVE_BOOKMARKS_DESC">
			<option value="">HIDE</option>
			<option value="rss">RSS 2.0</option>
			<option value="atom">ATOM</option>
		</param>
		<param type="range" name="feed_items" first="1" last="30" step="1" default="10" label="FEED_ITEMS" description="FEED_ITEMS_DESC" />
		<param type="range" name="feed_cache" first="0" last="48" step="1" default="6" label="FEED_CACHE" description="FEED_CACHE_DESC" />
		<param type="comment" name="img_com" default="IMAGES_UPLOAD_DESC" label="" description="" />
		<param type="range" name="img_thumb_width" first="60" last="160" step="10" default="100" label="IMG_THUMB_WIDTH" description="" />
		<param type="text" name="img_thumb_height" default="0" label="IMG_THUMB_HEIGHT" size="4" description="SET_ZERO_AUTOHEIGHT" />
		<param type="range" name="img_medium_width" first="180" last="460" step="10" default="240" label="IMG_MEDIUM_WIDTH" description="" />
		<param type="text" name="img_medium_height" default="0" label="IMG_MEDIUM_HEIGHT" size="4" description="SET_ZERO_AUTOHEIGHT" />
	</params>
	<params group="COMMENTS" collapsed="1">
		<param type="list" name="comments_src" default="0" label="COMMENTS_SRC" dir="rtl" description="COMMENTS_SRC_DESC">
			<option value="0">ELXIS_PLAINTEXT</option>
			<option value="1">ELXIS_BBCOCE</option>
			<option value="2">DisQus</option>
		</param>
		<param type="text" name="disqus_shortname" default="" label="DISQUS_SHORTNAME" description="DISQUS_SHORTNAME_DESC" />
		<param type="radio" name="disqus_developer" default="0" label="LOCAL_SITE" dir="rtl" description="LOCAL_SITE_DESC">
			<option value="0">NO</option>
			<option value="1">YES</option>
		</param>
	</params>
	<params group="CATEGORY" collapsed="1">
		<param type="comment" name="ctg_com" default="GEN_SETS_FOR_CATEGORIES" label="" description="" />
		<param type="list" name="ctg_img_empty" default="1" label="EMPTY_IMAGE" dir="rtl" description="EMPTY_IMAGE_DESC">
			<option value="0">DONT_DISP_IMAGE</option>
			<option value="1">DISP_DEFAULT_IMG</option>
		</param>
		<param type="previewlist" name="ctg_layout" default="0" label="LAYOUT" dir="rtl" position="bottom" width="120" height="160" description="LAYOUT_DESC">
			<option value="0" image="components/com_content/images/layout0.png">FLAT</option>
			<option value="1" image="components/com_content/images/layout1.png">LAYOUT_LRB</option>
			<option value="2" image="components/com_content/images/layout2.png">LAYOUT_TLR</option>
		</param>
		<param type="list" name="ctg_show" default="2" label="SHOW_CATEGORY" dir="rtl" description="">
			<option value="0">HIDE</option>
			<option value="1">ONLY_TITLE</option>
			<option value="2">SHOW</option>
		</param>
		<param type="list" name="ctg_subcategories" default="2" label="SUBCATEGORIES" dir="rtl" description="">
			<option value="0">HIDE</option>
			<option value="1">TOP</option>
			<option value="2">BOTTOM</option>
		</param>
		<param type="list" name="ctg_subcategories_cols" default="2" label="COLUMNS" description="">
			<option value="1">1</option>
			<option value="2">2</option>
			<option value="3">3</option>
			<option value="4">4</option>
		</param>
		<param type="list" name="ctg_ordering" default="cd" label="ARTICLES_ORDER" dir="rtl" description="">
			<option value="ca">DATE_CREATED_ASC</option>
			<option value="cd">DATE_CREATED_DESC</option>
			<option value="ma">DATE_MODIFIED_ASC</option>
			<option value="md">DATE_MODIFIED_DESC</option>
			<option value="oa">ORDERING_ASC</option>
			<option value="od">ORDERING_DESC</option>
			<option value="ta">TITLE_ASC</option>
			<option value="td">TITLE_DESC</option>
		</param>
		<param type="radio" name="ctg_print" default="0" label="PRINT" dir="rtl" description="">
			<option value="0">HIDE</option>
			<option value="1">SHOW</option>
		</param>
		<param type="comment" name="ctg_featured_com" default="FEATURED_ARTICLES" label="" description="" />
		<param type="range" name="ctg_featured_num" first="0" last="20" step="1" default="1" label="FEATURED_NUMBER" description="NUMBER_ITEMS_PER_PAGE" />
		<param type="list" name="ctg_featured_img" default="2" label="FEATURED_IMAGE" dir="rtl" description="">
			<option value="0">HIDE</option>
			<option value="1">MEDIUM_IMG_TOP</option>
			<option value="2">MEDIUM_IMG_LEFT</option>
			<option value="3">MEDIUM_IMG_RIGHT</option>
			<option value="4">LARGE_IMG_TOP</option>
		</param>
		<param type="list" name="ctg_featured_dateauthor" default="6" label="DATE_AUTHOR" dir="rtl" description="">
			<option value="0">HIDE</option>
			<option value="1">CREATED_DATE</option>
			<option value="2">CREATED_DATE_AUTHOR</option>
			<option value="3">MODIFIED_DATE</option>
			<option value="4">MODIFIED_DATE_AUTHOR</option>
			<option value="5">AUTO_DATE</option>
			<option value="6">AUTO_DATE_AUTHOR</option>
			<option value="7">Special created date</option>
		</param>
		<param type="radio" name="ctg_featured_more" default="0" label="MORE" dir="rtl" description="">
			<option value="0">HIDE</option>
			<option value="1">SHOW</option>
		</param>
		<param type="comment" name="ctg_short_com" default="SHORT_ARTICLES" label="" description="" />
		<param type="range" name="ctg_short_num" first="0" last="20" step="1" default="4" label="SHORT_ARTICLES_NUMBER" description="NUMBER_ITEMS_PER_PAGE" />
		<param type="range" name="ctg_short_cols" first="1" last="4" step="1" default="1" label="COLUMNS" description="" />
		<param type="list" name="ctg_short_img" default="2" label="SHORT_IMAGE" dir="rtl" description="">
			<option value="0">HIDE</option>
			<option value="1">TOP</option>
			<option value="2">LEFT</option>
		</param>
		<param type="list" name="ctg_short_dateauthor" default="6" label="DATE_AUTHOR" dir="rtl" description="">
			<option value="0">HIDE</option>
			<option value="1">CREATED_DATE</option>
			<option value="2">CREATED_DATE_AUTHOR</option>
			<option value="3">MODIFIED_DATE</option>
			<option value="4">MODIFIED_DATE_AUTHOR</option>
			<option value="5">AUTO_DATE</option>
			<option value="6">AUTO_DATE_AUTHOR</option>
			<option value="7">Special created date</option>
		</param>
		<param type="list" name="ctg_short_text" default="220" label="SHORT_TEXT" dir="rtl" description="SHORT_TEXT_DESC">
			<option value="0">HIDE</option>
			<option value="1">ONLY_SUBTITLE</option>
			<option value="100">100</option>
			<option value="140">140</option>
			<option value="180">180</option>
			<option value="220">220</option>
			<option value="260">260</option>
			<option value="300">300</option>
			<option value="340">340</option>
			<option value="380">380</option>
			<option value="420">420</option>
			<option value="460">460</option>
			<option value="500">500</option>
			<option value="540">540</option>
			<option value="580">580</option>
			<option value="620">620</option>
			<option value="660">660</option>
			<option value="700">700</option>
			<option value="1000">SUBTITLE_INTROTEXT</option>
		</param>
		<param type="radio" name="ctg_short_more" default="0" label="MORE" dir="rtl" description="">
			<option value="0">HIDE</option>
			<option value="1">SHOW</option>
		</param>
		<param type="comment" name="ctg_links_com" default="LINK_ARTICLES" label="" description="" />
		<param type="range" name="ctg_links_num" first="0" last="20" step="1" default="5" label="LINKS_NUMBER" description="NUMBER_ITEMS_PER_PAGE" />
		<param type="range" name="ctg_links_cols" first="1" last="4" step="1" default="1" label="COLUMNS" description="" />
		<param type="list" name="ctg_links_header" default="0" label="HEADER" dir="rtl" description="">
			<option value="0">HIDE</option>
			<option value="1">READ_ALSO</option>
			<option value="2">OTHER_ARTICLES</option>
		</param>
		<param type="list" name="ctg_links_dateauthor" default="0" label="DATE_AUTHOR" dir="rtl" description="">
			<option value="0">HIDE</option>
			<option value="1">CREATED_DATE</option>
			<option value="2">CREATED_DATE_AUTHOR</option>
			<option value="3">MODIFIED_DATE</option>
			<option value="4">MODIFIED_DATE_AUTHOR</option>
			<option value="5">AUTO_DATE</option>
			<option value="6">AUTO_DATE_AUTHOR</option>
			<option value="7">Special created date</option>
		</param>
		<param type="radio" name="ctg_pagination" default="1" label="PAGINATION" dir="rtl" description="">
			<option value="0">HIDE</option>
			<option value="1">SHOW</option>
		</param>
		<param type="list" name="ctg_nextpages_style" default="1" label="NEXT_PAGES_STYLE" dir="rtl" description="">
			<option value="0">FEATURED_ARTICLES</option>
			<option value="1">SHORT_ARTICLES</option>
			<option value="2">LINK_ARTICLES</option>
		</param>
		<param type="position" name="ctg_mods_pos" default="category" none="1" global="0" label="INNER_MODS_POS" description="INNER_MODS_POS_DESC" />
	</params>
	<params group="ARTICLE" collapsed="1">
		<param type="comment" name="art_com" default="GEN_SETS_FOR_ARTICLES" label="" description="" />
		<param type="list" name="art_dateauthor" default="6" label="DATE_AUTHOR" dir="rtl" description="">
			<option value="0">HIDE</option>
			<option value="1">CREATED_DATE</option>
			<option value="2">CREATED_DATE_AUTHOR</option>
			<option value="3">MODIFIED_DATE</option>
			<option value="4">MODIFIED_DATE_AUTHOR</option>
			<option value="5">AUTO_DATE</option>
			<option value="6">AUTO_DATE_AUTHOR</option>
			<option value="7">Special created date</option>
		</param>
		<param type="radio" name="art_dateauthor_pos" default="0" label="DATE_AUTHOR_POSITION" dir="rtl" description="">
			<option value="0">TOP</option>
			<option value="1">BOTTOM</option>
		</param>
		<param type="list" name="art_img" default="2" label="IMAGE" dir="rtl" description="">
			<option value="0">HIDE</option>
			<option value="1">MEDIUM_IMG_TOP</option>
			<option value="2">MEDIUM_IMG_LEFT</option>
			<option value="3">MEDIUM_IMG_RIGHT</option>
			<option value="4">LARGE_IMG_TOP</option>
			<option value="5">LARGE_IMG_LEFT</option>
			<option value="6">LARGE_IMG_RIGHT</option>
		</param>
		<param type="radio" name="art_hideintro" default="0" label="HIDE_INTROTEXT" dir="rtl" description="Hide intro text in article page.">
			<option value="0">NO</option>
			<option value="1">YES</option>
		</param>
		<param type="radio" name="art_hidesubtitle" default="0" label="HIDE_SUBTITLE" dir="rtl" description="Hide subtitle in article page.">
			<option value="0">NO</option>
			<option value="1">YES</option>
		</param>
		<param type="radio" name="art_print" default="1" label="PRINT" dir="rtl" description="">
			<option value="0">HIDE</option>
			<option value="1">SHOW</option>
		</param>
		<param type="radio" name="art_email" default="1" label="EMAIL_TO_FRIEND" dir="rtl" description="">
			<option value="0">HIDE</option>
			<option value="1">SHOW</option>
		</param>
		<param type="radio" name="art_tags" default="1" label="TAGS" dir="rtl" description="">
			<option value="0">HIDE</option>
			<option value="1">SHOW</option>
		</param>
		<param type="radio" name="art_hits" default="1" label="HITS" dir="rtl" description="">
			<option value="0">HIDE</option>
			<option value="1">SHOW</option>
		</param>
		<param type="list" name="art_chain" default="2" label="ARTICLES_CHAIN" dir="rtl" description="ARTICLES_CHAIN_DESC">
			<option value="0">HIDE</option>
			<option value="1">LINKS</option>
			<option value="2">LINKS_IMAGES</option>
		</param>
	</params>
</package>