<package type="auth">
	<name>gmail</name>
	<title>GMail</title>
	<created>2012-03-06 19:03:00</created>
	<author>Elxis Team</author>
	<authoremail>info@elxis.org</authoremail>
	<authorurl>http://www.elxis.org</authorurl>
	<copyright>(C) 2006-2012 Elxis.org. All rights reserved</copyright>
	<license>Elxis Public License</license>
	<licenseurl>http://www.elxis.org/elxis-public-license.html</licenseurl>
	<link></link>
	<version>1.0</version>
	<description><![CDATA[Guests can login with their Google mail username and password. The logged in users are considered as External Users.]]></description>
	<dependencies>
		<package type="core" version="4.x">elxis</package>
		<package type="component" version="1.x">user</package>
	</dependencies>
	<params />
</package>