<?xml version="1.0" encoding="utf-8"?>
<package type="component">
	<name>com_emedia</name>
	<title>Media manager</title>
	<created>2014-01-03 11:34:00</created>
	<author>Elxis Team</author>
	<authoremail>info@elxis.org</authoremail>
	<authorurl>http://www.elxis.org</authorurl>
	<copyright>(C) 2006-2014 Elxis.org. All rights reserved</copyright>
	<license>Elxis Public License</license>
	<licenseurl>http://www.elxis.org/elxis-public-license.html</licenseurl>
	<link></link>
	<version>1.0</version>
	<description><![CDATA[Media manager for Elxis CMS]]></description>
	<dependencies>
		<package type="core" version="4.x">elxis</package>
	</dependencies>
	<params>
		<param type="radio" name="tree_show_files" default="0" label="FILES_IN_TREE" description="FILES_IN_TREE_DESC">
			<option value="0">NO</option>
			<option value="1">YES</option>
		</param>
		<param type="list" name="max_upload_size" default="5.0" label="MAX_FILE_SIZE" dir="ltr" description="MAX_FILE_SIZE_DESC">
			<option value="0.3">0.3 MB</option>
			<option value="0.5">0.5 MB</option>
			<option value="0.8">0.8 MB</option>
			<option value="1.0">1.0 MB</option>
			<option value="1.5">1.5 MB</option>
			<option value="2.0">2.0 MB</option>
			<option value="2.5">2.5 MB</option>
			<option value="3.0">3.0 MB</option>
			<option value="3.5">3.5 MB</option>
			<option value="4.0">4.0 MB</option>
			<option value="5.0">5.0 MB</option>
			<option value="6.0">6.0 MB</option>
			<option value="7.0">7.0 MB</option>
			<option value="8.0">8.0 MB</option>
			<option value="9.0">9.0 MB</option>
			<option value="10.0">10.0 MB</option>
			<option value="15.0">15.0 MB</option>
			<option value="20.0">20.0 MB</option>
			<option value="30.0">30.0 MB</option>
		</param>
	</params>
</package>