<package type="engine">
	<name>youtube</name>
	<title>YouTube</title>
	<created>2014-06-08 16:08:00</created>
	<author>Elxis Team</author>
	<authoremail>info@elxis.org</authoremail>
	<authorurl>http://www.elxis.org</authorurl>
	<copyright>(C) 2006-2014 Elxis.org. All rights reserved</copyright>
	<license>Elxis Public License</license>
	<licenseurl>http://www.elxis.org/elxis-public-license.html</licenseurl>
	<link></link>
	<version>1.1</version>
	<description><![CDATA[Extends elxis search to YouTube videos]]></description>
	<dependencies>
		<package type="core" version="4.x">elxis</package>
		<package type="component" version="1.x">search</package>
	</dependencies>
	<params>
		<param type="range" name="limit" first="5" last="50" step="1" default="10" label="LIMIT" description="ITEMS_PER_PAGE" />
		<param type="list" name="ordering" default="r" label="ORDERING" dir="rtl" description="DEFAULT_ORDERING">
			<option value="r">RELEVANCY</option>
			<option value="dd">NEWER_FIRST</option>
			<option value="hd">MOST_POPULAR_FIRST</option>
			<option value="vd">RATING</option>
		</param>
		<param type="list" name="columns" default="1" label="COLUMNS" dir="ltr" description="NUMBER_COLUMNS_DESC">
			<option value="1">1</option>
			<option value="2">2</option>
		</param>
		<param type="list" name="safe" default="moderate" label="SAFE_SEARCH" dir="rtl" description="">
			<option value="none">NONE</option>
			<option value="moderate">MODERATE</option>
			<option value="strict">STRICT</option>
		</param>
		<param type="text" name="author" default="" label="AUTHOR" dir="ltr" description="SEARCH_AUTHOR_ITEMS" />
	</params>
</package>