<?xml version="1.0" encoding="utf-8"?>
<package type="component">
	<name>com_emenu</name>
	<title>Menu</title>
	<created>2014-05-04 16:26:00</created>
	<author>Elxis Team</author>
	<authoremail>info@elxis.org</authoremail>
	<authorurl>http://www.elxis.org</authorurl>
	<copyright>(C) 2006-2014 Elxis.org. All rights reserved</copyright>
	<license>Elxis Public License</license>
	<licenseurl>http://www.elxis.org/elxis-public-license.html</licenseurl>
	<link></link>
	<version>1.1</version>
	<description><![CDATA[Menu manager]]></description>
	<dependencies>
		<package type="core" version="4.x">elxis</package>
	</dependencies>
	<params />
</package>